Title,Notes,Exercise,Set Type,Weight,KG?,Reps,Distance,Kilometers?,Time,Seconds?,Duration
Día 1 - Push,,Press de pecho,warmup,20,true,12,,,,,
Día 1 - Push,,Press de pecho,normal,60,true,8,,,,,
Día 1 - Push,,Press de pecho,normal,60,true,8,,,,,
Día 1 - Push,,Press de pecho,normal,60,true,7,,,,,
Día 1 - Push,,Press de pecho,normal,60,true,6,,,,,
Día 1 - Push,,Press inclinado con mancuerna,normal,22,true,10,,,,,
Día 1 - Push,,Press inclinado con mancuerna,normal,22,true,10,,,,,
Día 1 - Push,,Press inclinado con mancuerna,normal,22,true,9,,,,,
Día 1 - Push,,Aperturas con mancuernas,normal,12,true,12,,,,,
Día 1 - Push,,Aperturas con mancuernas,normal,12,true,12,,,,,
Día 1 - Push,,Aperturas con mancuernas,normal,12,true,11,,,,,
Día 1 - Push,,Fondos en paralelas,normal,0,true,10,,,,,
Día 1 - Push,,Fondos en paralelas,normal,0,true,9,,,,,
Día 1 - Push,,Fondos en paralelas,normal,0,true,8,,,,,
Día 1 - Push,,Extensión de tríceps en polea,normal,25,true,12,,,,,
Día 1 - Push,,Extensión de tríceps en polea,normal,25,true,12,,,,,
Día 1 - Push,,Extensión de tríceps en polea,normal,25,true,10,,,,,
Día 2 - Pull,,Dominadas,normal,0,true,8,,,,,
Día 2 - Pull,,Dominadas,normal,0,true,7,,,,,
Día 2 - Pull,,Dominadas,normal,0,true,6,,,,,
Día 2 - Pull,,Remo con barra,warmup,30,true,10,,,,,
Día 2 - Pull,,Remo con barra,normal,50,true,10,,,,,
Día 2 - Pull,,Remo con barra,normal,50,true,10,,,,,
Día 2 - Pull,,Remo con barra,normal,50,true,8,,,,,
Día 2 - Pull,,Jalón al pecho,normal,55,true,12,,,,,
Día 2 - Pull,,Jalón al pecho,normal,55,true,12,,,,,
Día 2 - Pull,,Jalón al pecho,normal,55,true,10,,,,,
Día 2 - Pull,,Curl de bíceps con barra,normal,25,true,10,,,,,
Día 2 - Pull,,Curl de bíceps con barra,normal,25,true,10,,,,,
Día 2 - Pull,,Curl de bíceps con barra,normal,25,true,8,,,,,
Día 2 - Pull,,Curl martillo,normal,12,true,12,,,,,
Día 2 - Pull,,Curl martillo,normal,12,true,12,,,,,
Día 3 - Pierna,,Sentadilla trasera,warmup,40,true,10,,,,,
Día 3 - Pierna,,Sentadilla trasera,normal,80,true,8,,,,,
Día 3 - Pierna,,Sentadilla trasera,normal,80,true,8,,,,,
Día 3 - Pierna,,Sentadilla trasera,normal,80,true,7,,,,,
Día 3 - Pierna,,Peso muerto rumano,normal,70,true,10,,,,,
Día 3 - Pierna,,Peso muerto rumano,normal,70,true,10,,,,,
Día 3 - Pierna,,Peso muerto rumano,normal,70,true,9,,,,,
Día 3 - Pierna,,Prensa de piernas,normal,120,true,12,,,,,
Día 3 - Pierna,,Prensa de piernas,normal,120,true,12,,,,,
Día 3 - Pierna,,Curl femoral tumbado,normal,35,true,12,,,,,
Día 3 - Pierna,,Curl femoral tumbado,normal,35,true,12,,,,,
Día 3 - Pierna,,Curl femoral tumbado,normal,35,true,10,,,,,
Día 3 - Pierna,,Elevación de talones de pie,normal,40,true,15,,,,,
Día 3 - Pierna,,Elevación de talones de pie,normal,40,true,15,,,,,
Día 3 - Pierna,,Dragon flag avanzado,normal,0,true,6,,,,,
Día 3 - Pierna,,Dragon flag avanzado,normal,0,true,6,,,,,
