Date,Workout Name,Exercise Name,Set Order,Weight,Reps,Distance,Time,Notes,Workout Notes,Workout Duration
2026-07-01,Torso A,Press banca con barra,1,60,8,,,,,
2026-07-01,Torso A,Press banca con barra,2,60,8,,,,,
2026-07-01,Torso A,Press banca con barra,3,60,7,,,,,
2026-07-01,Torso A,Remo con mancuerna,1,26,10,,,,,
2026-07-01,Torso A,Remo con mancuerna,2,26,10,,,,,
2026-07-01,Torso A,Remo con mancuerna,3,26,9,,,,,
2026-07-01,Torso A,Press militar con barra,1,35,8,,,,,
2026-07-01,Torso A,Press militar con barra,2,35,8,,,,,
2026-07-01,Torso A,Face pull,1,20,15,,,,,
2026-07-01,Torso A,Face pull,2,20,15,,,,,
2026-07-01,Torso A,Curl de bíceps con mancuernas,1,10,12,,,,,
2026-07-01,Torso A,Curl de bíceps con mancuernas,2,10,12,,,,,
2026-07-03,Pierna A,Sentadilla con barra,1,85,6,,,,,
2026-07-03,Pierna A,Sentadilla con barra,2,85,6,,,,,
2026-07-03,Pierna A,Sentadilla con barra,3,85,5,,,,,
2026-07-03,Pierna A,Peso muerto rumano,1,70,10,,,,,
2026-07-03,Pierna A,Peso muerto rumano,2,70,10,,,,,
2026-07-03,Pierna A,Zancadas caminando,1,14,12,,,,,
2026-07-03,Pierna A,Zancadas caminando,2,14,12,,,,,
2026-07-03,Pierna A,Elevación de gemelos sentado,1,45,15,,,,,
2026-07-03,Pierna A,Elevación de gemelos sentado,2,45,15,,,,,
2026-07-03,Pierna A,Plancha abdominal,1,0,45,,,45 segundos,,
2026-07-03,Pierna A,Plancha abdominal,2,0,45,,,45 segundos,,
